{
    "u_val": 1,
    "ticks": 30200,
    "Q": [
        [
            200.0,
            0.0,
            0.0,
            0.0,
            0.0,
            0.0
        ],
        [
            0.0,
            50.0,
            0.0,
            0.0,
            0.0,
            0.0
        ],
        [
            0.0,
            0.0,
            10.0,
            0.0,
            0.0,
            0.0
        ],
        [
            0.0,
            0.0,
            0.0,
            1.0,
            0.0,
            0.0
        ],
        [
            0.0,
            0.0,
            0.0,
            0.0,
            90.0,
            0.0
        ],
        [
            0.0,
            0.0,
            0.0,
            0.0,
            0.0,
            45.0
        ]
    ],
    "LQR_R": [
        [
            0.35,
            0.0,
            0.0
        ],
        [
            0.0,
            0.35,
            0.0
        ],
        [
            0.0,
            0.0,
            1.6
        ]
    ],
    "K": [
        [
            -7.79238624279625,
            -23.814274819850333,
            -3.7828353833337562,
            -4.516509548826068,
            -11.921634847297527,
            -11.101640543394458
        ],
        [
            -7.798573080684567,
            -23.78311609551056,
            3.7764511762676674,
            4.492963027550238,
            -11.93315380810945,
            -11.086471703746684
        ],
        [
            -9.920349700612412,
            -1.544922719959827,
            0.0005817820761759823,
            0.00517864013178654,
            2.1269303611472687,
            4.568402494282429
        ]
    ],
    "A": [
        [
            0.0,
            1.0,
            0.0,
            0.0,
            0.0,
            0.0
        ],
        [
            0.0,
            -0.37,
            0.0,
            0.0,
            0.229,
            -0.252
        ],
        [
            0.0,
            0.0,
            0.0,
            1.0,
            0.0,
            0.0
        ],
        [
            0.0,
            -0.0161,
            0.0,
            -0.146,
            0.000532,
            0.0012
        ],
        [
            0.0,
            0.0,
            0.0,
            0.0,
            0.0,
            1.0
        ],
        [
            0.0,
            2.81,
            0.0,
            0.000277,
            -0.0928,
            -0.21
        ]
    ],
    "B": [
        [
            0.0,
            0.0,
            0.0
        ],
        [
            -0.0509,
            -0.0509,
            -0.0471
        ],
        [
            0.0,
            0.0,
            0.0
        ],
        [
            -0.165,
            0.166,
            -0.000507
        ],
        [
            0.0,
            0.0,
            0.0
        ],
        [
            -0.0102,
            -0.0108,
            0.0884
        ]
    ],
    "p_vec": [
        [
            0
        ],
        [
            0
        ],
        [
            0
        ]
    ],
    "d_vec": [
        [
            0
        ],
        [
            0
        ],
        [
            0
        ]
    ],
    "wing_p": 10,
    "wing_d": 0,
    "Angle limit": 20,
    "x_i": 0.1,
    "y_i": -0.1,
    "z_i": -28.34,
    "phi_i": 0,
    "theta_i": 0,
    "psi_i": 0
}