{
    "u_val": 1,
    "ticks": 10200,
    "Q": [
        [
            80.0,
            0.0,
            0.0,
            0.0,
            0.0,
            0.0
        ],
        [
            0.0,
            30.0,
            0.0,
            0.0,
            0.0,
            0.0
        ],
        [
            0.0,
            0.0,
            5.0,
            0.0,
            0.0,
            0.0
        ],
        [
            0.0,
            0.0,
            0.0,
            1.0,
            0.0,
            0.0
        ],
        [
            0.0,
            0.0,
            0.0,
            0.0,
            150.0,
            0.0
        ],
        [
            0.0,
            0.0,
            0.0,
            0.0,
            0.0,
            35.0
        ]
    ],
    "LQR_R": [
        [
            0.5,
            0.0,
            0.0
        ],
        [
            0.0,
            0.5,
            0.0
        ],
        [
            0.0,
            0.0,
            3.5
        ]
    ],
    "K": [
        [
            -3.3695132739749787,
            -25.068448009519944,
            -2.2408710548573993,
            -3.043306920489479,
            -13.268576642415281,
            -11.846968316244892
        ],
        [
            -3.383350839952134,
            -25.061809111058388,
            2.2312545570798603,
            3.017341395780374,
            -13.31084565791403,
            -11.85858424016139
        ],
        [
            -4.427177710949573,
            -0.8610911916185445,
            4.9298894397762396e-05,
            0.002387604295946349,
            1.1223367375173197,
            2.367706581384317
        ]
    ],
    "A": [
        [
            0.0,
            1.0,
            0.0,
            0.0,
            0.0,
            0.0
        ],
        [
            0.0,
            -0.0344,
            0.0,
            0.0,
            0.229,
            -0.252
        ],
        [
            0.0,
            0.0,
            0.0,
            1.0,
            0.0,
            0.0
        ],
        [
            0.0,
            -0.0161,
            0.0,
            -0.291,
            0.000532,
            0.000739
        ],
        [
            0.0,
            0.0,
            0.0,
            0.0,
            0.0,
            1.0
        ],
        [
            0.0,
            2.81,
            0.0,
            0.000554,
            -0.0928,
            -0.129
        ]
    ],
    "B": [
        [
            0.0,
            0.0,
            0.0
        ],
        [
            -0.0509,
            -0.0509,
            -0.0471
        ],
        [
            0.0,
            0.0,
            0.0
        ],
        [
            -0.165,
            0.166,
            -0.000507
        ],
        [
            0.0,
            0.0,
            0.0
        ],
        [
            -0.0102,
            -0.0108,
            0.0884
        ]
    ],
    "p_vec": [
        [
            0
        ],
        [
            0
        ],
        [
            0
        ]
    ],
    "d_vec": [
        [
            0
        ],
        [
            0
        ],
        [
            0
        ]
    ],
    "wing_p": 10,
    "wing_d": 0,
    "Angle limit": 20,
    "x_i": 0,
    "y_i": 0,
    "z_i": -27.84,
    "phi_i": 0,
    "theta_i": 0,
    "psi_i": -20
}