{
    "u_val": 2,
    "ticks": 4200,
    "Q": [
        [
            250.0,
            0.0,
            0.0,
            0.0,
            0.0,
            0.0
        ],
        [
            0.0,
            40.0,
            0.0,
            0.0,
            0.0,
            0.0
        ],
        [
            0.0,
            0.0,
            100.0,
            0.0,
            0.0,
            0.0
        ],
        [
            0.0,
            0.0,
            0.0,
            1.0,
            0.0,
            0.0
        ],
        [
            0.0,
            0.0,
            0.0,
            0.0,
            10.0,
            0.0
        ],
        [
            0.0,
            0.0,
            0.0,
            0.0,
            0.0,
            5.0
        ]
    ],
    "LQR_R": [
        [
            1.25,
            0.0,
            0.0
        ],
        [
            0.0,
            1.25,
            0.0
        ],
        [
            0.0,
            0.0,
            1.0
        ]
    ],
    "K": [
        [
            3.306095785261445,
            -10.613154148951963,
            -6.304228805702972,
            -974.5421139139485,
            -4.138210051788212,
            -1.4765136170129618
        ],
        [
            3.3695800615189975,
            -10.629094339277744,
            6.344689056231052,
            980.3783160509653,
            -4.147858319144116,
            -1.4838113420141885
        ],
        [
            -14.904515291837274,
            -9.078167845543359,
            0.04499923731574054,
            7.967283690437597,
            -2.8571986995320824,
            0.030307830782723588
        ]
    ],
    "A": [
        [
            0.0,
            1.0,
            0.0,
            0.0,
            0.0,
            0.0
        ],
        [
            0.0,
            -0.0602,
            0.0,
            0.0,
            0.916,
            -0.504
        ],
        [
            0.0,
            0.0,
            0.0,
            1.0,
            0.0,
            0.0
        ],
        [
            0.0,
            -0.0,
            0.0,
            -0.0,
            0.0,
            0.0
        ],
        [
            0.0,
            0.0,
            0.0,
            0.0,
            0.0,
            1.0
        ],
        [
            0.0,
            21.62,
            0.0,
            5.71e-08,
            -0.3712,
            -0.129
        ]
    ],
    "B": [
        [
            0.0,
            0.0,
            0.0
        ],
        [
            -0.2036,
            -0.2036,
            -0.1884
        ],
        [
            0.0,
            0.0,
            0.0
        ],
        [
            -6.600000000000001e-06,
            6.640000000000001e-06,
            -2.028e-07
        ],
        [
            0.0,
            0.0,
            0.0
        ],
        [
            -0.0408,
            -0.0432,
            0.3536
        ]
    ],
    "p_vec": [
        [
            0
        ],
        [
            0
        ],
        [
            0
        ]
    ],
    "d_vec": [
        [
            0
        ],
        [
            0
        ],
        [
            0
        ]
    ],
    "wing_p": 10,
    "wing_d": 0,
    "Angle limit": 20,
    "x_i": 0,
    "y_i": 0,
    "z_i": -27.84,
    "phi_i": 0,
    "theta_i": 0,
    "psi_i": -20
}