{
    "u_val": 2,
    "ticks": 4200,
    "Q": [
        [
            250.0,
            0.0,
            0.0,
            0.0,
            0.0,
            0.0
        ],
        [
            0.0,
            40.0,
            0.0,
            0.0,
            0.0,
            0.0
        ],
        [
            0.0,
            0.0,
            10.0,
            0.0,
            0.0,
            0.0
        ],
        [
            0.0,
            0.0,
            0.0,
            1.0,
            0.0,
            0.0
        ],
        [
            0.0,
            0.0,
            0.0,
            0.0,
            50.0,
            0.0
        ],
        [
            0.0,
            0.0,
            0.0,
            0.0,
            0.0,
            5.0
        ]
    ],
    "LQR_R": [
        [
            0.25,
            0.0,
            0.0
        ],
        [
            0.0,
            0.25,
            0.0
        ],
        [
            0.0,
            0.0,
            1.0
        ]
    ],
    "K": [
        [
            -7.343587902199795,
            -31.604450219136314,
            -4.474146205329873,
            -4.37439276353734,
            -9.50995853190371,
            -5.272274240413662
        ],
        [
            -7.3483268070513565,
            -31.63481301144212,
            4.470124791905712,
            4.366391539359165,
            -9.5188124417193,
            -5.266533054790863
        ],
        [
            -14.933802344508905,
            -2.5356060850380686,
            0.00013975186485071104,
            0.001472988450969145,
            1.3060742172823427,
            1.4545042545100841
        ]
    ],
    "A": [
        [
            0.0,
            1.0,
            0.0,
            0.0,
            0.0,
            0.0
        ],
        [
            0.0,
            -0.0143,
            0.0,
            0.0,
            0.07616,
            -0.21
        ],
        [
            0.0,
            0.0,
            0.0,
            1.0,
            0.0,
            0.0
        ],
        [
            0.0,
            -0.0328,
            0.0,
            -0.103,
            0.000756,
            0.000262
        ],
        [
            0.0,
            0.0,
            0.0,
            0.0,
            0.0,
            1.0
        ],
        [
            0.0,
            16.12,
            0.0,
            0.000197,
            -0.3712,
            -0.129
        ]
    ],
    "B": [
        [
            0.0,
            0.0,
            0.0
        ],
        [
            -0.0848,
            -0.0848,
            -0.0784
        ],
        [
            0.0,
            0.0,
            0.0
        ],
        [
            -0.2352,
            0.2352,
            -0.00072
        ],
        [
            0.0,
            0.0,
            0.0
        ],
        [
            -0.0416,
            -0.0424,
            0.3536
        ]
    ],
    "p_vec": [
        [
            0
        ],
        [
            0
        ],
        [
            0
        ]
    ],
    "d_vec": [
        [
            0
        ],
        [
            0
        ],
        [
            0
        ]
    ],
    "wing_p": 10,
    "wing_d": 0,
    "Angle limit": 20,
    "x_i": 0,
    "y_i": 0,
    "z_i": -27.84,
    "phi_i": 0,
    "theta_i": 6,
    "psi_i": -20
}