{
    "u_val": 2,
    "ticks": 4200,
    "Q": [
        [
            250.0,
            0.0,
            0.0,
            0.0,
            0.0,
            0.0
        ],
        [
            0.0,
            40.0,
            0.0,
            0.0,
            0.0,
            0.0
        ],
        [
            0.0,
            0.0,
            10.0,
            0.0,
            0.0,
            0.0
        ],
        [
            0.0,
            0.0,
            0.0,
            1.0,
            0.0,
            0.0
        ],
        [
            0.0,
            0.0,
            0.0,
            0.0,
            50.0,
            0.0
        ],
        [
            0.0,
            0.0,
            0.0,
            0.0,
            0.0,
            5.0
        ]
    ],
    "LQR_R": [
        [
            0.5,
            0.0,
            0.0
        ],
        [
            0.0,
            0.5,
            0.0
        ],
        [
            0.0,
            0.0,
            5.0
        ]
    ],
    "K": [
        [
            -7.482900895965746,
            -12.635744251537181,
            -3.1633803248411962,
            -2.197815532057839,
            -6.640174035803226,
            -3.8736789306417623
        ],
        [
            -7.486138250804243,
            -12.613955573256113,
            3.161174594835045,
            2.1897096920854144,
            -6.644896364713918,
            -3.863676181169555
        ],
        [
            -6.228675045874546,
            -0.7598825272126352,
            0.00010068618322615249,
            0.0016009225552158096,
            0.5135784194681006,
            1.2775887733500246
        ]
    ],
    "A": [
        [
            0.0,
            1.0,
            0.0,
            0.0,
            0.0,
            0.0
        ],
        [
            0.0,
            -0.0344,
            0.0,
            0.0,
            0.229,
            -0.504
        ],
        [
            0.0,
            0.0,
            0.0,
            1.0,
            0.0,
            0.0
        ],
        [
            0.0,
            -0.0322,
            0.0,
            -0.291,
            0.002128,
            0.000739
        ],
        [
            0.0,
            0.0,
            0.0,
            0.0,
            0.0,
            1.0
        ],
        [
            0.0,
            5.62,
            0.0,
            0.000554,
            -0.3712,
            -0.129
        ]
    ],
    "B": [
        [
            0.0,
            0.0,
            0.0
        ],
        [
            -0.2036,
            -0.2036,
            -0.1884
        ],
        [
            0.0,
            0.0,
            0.0
        ],
        [
            -0.66,
            0.664,
            -0.002028
        ],
        [
            0.0,
            0.0,
            0.0
        ],
        [
            -0.0408,
            -0.0432,
            0.3536
        ]
    ],
    "p_vec": [
        [
            0
        ],
        [
            0
        ],
        [
            0
        ]
    ],
    "d_vec": [
        [
            0
        ],
        [
            0
        ],
        [
            0
        ]
    ],
    "wing_p": 10,
    "wing_d": 0,
    "Angle limit": 20,
    "x_i": 0,
    "y_i": 0,
    "z_i": -17.84,
    "phi_i": 0,
    "theta_i": 6,
    "psi_i": -20
}