{
    "u_val": 2,
    "ticks": 4200,
    "Q": [
        [
            250.0,
            0.0,
            0.0,
            0.0,
            0.0,
            0.0
        ],
        [
            0.0,
            40.0,
            0.0,
            0.0,
            0.0,
            0.0
        ],
        [
            0.0,
            0.0,
            100.0,
            0.0,
            0.0,
            0.0
        ],
        [
            0.0,
            0.0,
            0.0,
            1.0,
            0.0,
            0.0
        ],
        [
            0.0,
            0.0,
            0.0,
            0.0,
            50.0,
            0.0
        ],
        [
            0.0,
            0.0,
            0.0,
            0.0,
            0.0,
            5.0
        ]
    ],
    "LQR_R": [
        [
            0.55,
            0.0,
            0.0
        ],
        [
            0.0,
            0.55,
            0.0
        ],
        [
            0.0,
            0.0,
            3.0
        ]
    ],
    "K": [
        [
            -5.517599688261929,
            -369.5052100528657,
            -9.509816930836003,
            -3.8280552713153746,
            -78.41932952723205,
            -1.6207467202395047
        ],
        [
            -5.493186959264969,
            -367.7560535398074,
            9.55937025589719,
            3.843981375733852,
            -78.07082050420607,
            -1.5984133859137273
        ],
        [
            8.498226177227382,
            569.0252437502094,
            0.0008638980038151213,
            0.0034428948178960566,
            120.78053702492306,
            2.4846084768228716
        ]
    ],
    "A": [
        [
            0.0,
            1.0,
            0.0,
            0.0,
            0.0,
            0.0
        ],
        [
            0.0,
            -0.0143,
            0.0,
            0.0,
            0.003808,
            -0.21
        ],
        [
            0.0,
            0.0,
            0.0,
            1.0,
            0.0,
            0.0
        ],
        [
            0.0,
            -0.0328,
            0.0,
            -0.103,
            0.000756,
            0.000262
        ],
        [
            0.0,
            0.0,
            0.0,
            0.0,
            0.0,
            1.0
        ],
        [
            0.0,
            16.12,
            0.0,
            0.000197,
            -0.3712,
            -0.129
        ]
    ],
    "B": [
        [
            0.0,
            0.0,
            0.0
        ],
        [
            0.0,
            0.0,
            0.0
        ],
        [
            0.0,
            0.0,
            0.0
        ],
        [
            -0.66,
            0.664,
            -0.002028
        ],
        [
            0.0,
            0.0,
            0.0
        ],
        [
            -0.0408,
            -0.0432,
            0.3536
        ]
    ],
    "p_vec": [
        [
            0
        ],
        [
            0
        ],
        [
            0
        ]
    ],
    "d_vec": [
        [
            0
        ],
        [
            0
        ],
        [
            0
        ]
    ],
    "wing_p": 10,
    "wing_d": 0,
    "Angle limit": 20,
    "x_i": 0,
    "y_i": 0,
    "z_i": -27.84,
    "phi_i": 0,
    "theta_i": 6,
    "psi_i": -20
}