{
    "u_val": 2,
    "ticks": 4200,
    "Q": [
        [
            10.0,
            0.0,
            0.0,
            0.0,
            0.0,
            0.0
        ],
        [
            0.0,
            40.0,
            0.0,
            0.0,
            0.0,
            0.0
        ],
        [
            0.0,
            0.0,
            10.0,
            0.0,
            0.0,
            0.0
        ],
        [
            0.0,
            0.0,
            0.0,
            1.0,
            0.0,
            0.0
        ],
        [
            0.0,
            0.0,
            0.0,
            0.0,
            50.0,
            0.0
        ],
        [
            0.0,
            0.0,
            0.0,
            0.0,
            0.0,
            5.0
        ]
    ],
    "LQR_R": [
        [
            0.25,
            0.0,
            0.0
        ],
        [
            0.0,
            0.25,
            0.0
        ],
        [
            0.0,
            0.0,
            1.0
        ]
    ],
    "K": [
        [
            -1.4367476757633508,
            -30.991890654633064,
            -4.47419272387726,
            -4.374766989351886,
            -8.920873438644284,
            -5.454838643964899
        ],
        [
            -1.4384338069586118,
            -31.021791457264452,
            4.470078231521392,
            4.366016433536265,
            -8.928928519345726,
            -5.4493134546426845
        ],
        [
            -2.994439192035299,
            -1.9131623625257124,
            -0.00013572249409609521,
            0.00041604895771851563,
            1.3980483538431394,
            0.8682099727146808
        ]
    ],
    "A": [
        [
            0.0,
            1.0,
            0.0,
            0.0,
            0.0,
            0.0
        ],
        [
            0.0,
            -0.0143,
            0.0,
            0.0,
            -0.03808,
            -0.21
        ],
        [
            0.0,
            0.0,
            0.0,
            1.0,
            0.0,
            0.0
        ],
        [
            0.0,
            -0.0328,
            0.0,
            -0.103,
            0.000756,
            0.000262
        ],
        [
            0.0,
            0.0,
            0.0,
            0.0,
            0.0,
            1.0
        ],
        [
            0.0,
            16.12,
            0.0,
            0.000197,
            -0.3712,
            -0.129
        ]
    ],
    "B": [
        [
            0.0,
            0.0,
            0.0
        ],
        [
            -0.0848,
            -0.0848,
            -0.0784
        ],
        [
            0.0,
            0.0,
            0.0
        ],
        [
            -0.2352,
            0.2352,
            -0.00072
        ],
        [
            0.0,
            0.0,
            0.0
        ],
        [
            -0.0416,
            -0.0424,
            0.3536
        ]
    ],
    "p_vec": [
        [
            0
        ],
        [
            0
        ],
        [
            0
        ]
    ],
    "d_vec": [
        [
            0
        ],
        [
            0
        ],
        [
            0
        ]
    ],
    "wing_p": 10,
    "wing_d": 0,
    "Angle limit": 20,
    "x_i": 0,
    "y_i": 0,
    "z_i": -27.84,
    "phi_i": 0,
    "theta_i": 6,
    "psi_i": -20
}