{
    "u_val": 2,
    "ticks": 4200,
    "Q": [
        [
            250.0,
            0.0,
            0.0,
            0.0,
            0.0,
            0.0
        ],
        [
            0.0,
            40.0,
            0.0,
            0.0,
            0.0,
            0.0
        ],
        [
            0.0,
            0.0,
            100.0,
            0.0,
            0.0,
            0.0
        ],
        [
            0.0,
            0.0,
            0.0,
            1.0,
            0.0,
            0.0
        ],
        [
            0.0,
            0.0,
            0.0,
            0.0,
            50.0,
            0.0
        ],
        [
            0.0,
            0.0,
            0.0,
            0.0,
            0.0,
            5.0
        ]
    ],
    "LQR_R": [
        [
            0.55,
            0.0,
            0.0
        ],
        [
            0.0,
            0.55,
            0.0
        ],
        [
            0.0,
            0.0,
            3.0
        ]
    ],
    "K": [
        [
            -5.586192720314467,
            -17.811113540206282,
            -9.51773452788406,
            -3.6997523354031507,
            -8.391689462874739,
            -3.8331320668457867
        ],
        [
            -5.581392568912606,
            -17.77294467983715,
            9.551484667980432,
            3.69909927527792,
            -8.356348970755144,
            -3.8080644790172484
        ],
        [
            -8.47945319258569,
            -1.4514267084007317,
            -0.003085003090662039,
            0.0002963936418234012,
            0.2151605092731228,
            0.9871588239540972
        ]
    ],
    "A": [
        [
            0.0,
            1.0,
            0.0,
            0.0,
            0.0,
            0.0
        ],
        [
            0.0,
            -0.0222,
            0.0,
            0.0,
            0.588,
            -0.326
        ],
        [
            0.0,
            0.0,
            0.0,
            1.0,
            0.0,
            0.0
        ],
        [
            0.0,
            -0.0558,
            0.0,
            -0.291,
            0.002128,
            0.000739
        ],
        [
            0.0,
            0.0,
            0.0,
            0.0,
            0.0,
            1.0
        ],
        [
            0.0,
            9.74,
            0.0,
            0.000554,
            -0.3712,
            -0.129
        ]
    ],
    "B": [
        [
            0.0,
            0.0,
            0.0
        ],
        [
            -0.1312,
            -0.1312,
            -0.1216
        ],
        [
            0.0,
            0.0,
            0.0
        ],
        [
            -0.66,
            0.664,
            -0.002028
        ],
        [
            0.0,
            0.0,
            0.0
        ],
        [
            -0.0408,
            -0.0432,
            0.3536
        ]
    ],
    "p_vec": [
        [
            0
        ],
        [
            0
        ],
        [
            0
        ]
    ],
    "d_vec": [
        [
            0
        ],
        [
            0
        ],
        [
            0
        ]
    ],
    "wing_p": 10,
    "wing_d": 0,
    "Angle limit": 20,
    "x_i": 0,
    "y_i": 0,
    "z_i": -27.84,
    "phi_i": 0,
    "theta_i": 0,
    "psi_i": -20
}