{
    "u_val": 2,
    "ticks": 4200,
    "Q": [
        [
            250.0,
            0.0,
            0.0,
            0.0,
            0.0,
            0.0
        ],
        [
            0.0,
            40.0,
            0.0,
            0.0,
            0.0,
            0.0
        ],
        [
            0.0,
            0.0,
            10.0,
            0.0,
            0.0,
            0.0
        ],
        [
            0.0,
            0.0,
            0.0,
            1.0,
            0.0,
            0.0
        ],
        [
            0.0,
            0.0,
            0.0,
            0.0,
            50.0,
            0.0
        ],
        [
            0.0,
            0.0,
            0.0,
            0.0,
            0.0,
            5.0
        ]
    ],
    "LQR_R": [
        [
            0.5,
            0.0,
            0.0
        ],
        [
            0.0,
            0.5,
            0.0
        ],
        [
            0.0,
            0.0,
            5.0
        ]
    ],
    "K": [
        [
            -8.454763634164152,
            -9.659514025219151,
            -3.16683194166922,
            -1.7713943647445132,
            -5.9185841287829355,
            -3.4731529422656124
        ],
        [
            -8.463405666667093,
            -9.635145863138824,
            3.1577157104329436,
            1.7621928480886726,
            -5.942765820294779,
            -3.4765437856273644
        ],
        [
            -5.974008172172541,
            -0.5887187381218103,
            0.0008333851762104745,
            0.0016533151812908515,
            1.2158238153211192,
            1.4519154923569042
        ]
    ],
    "A": [
        [
            0.0,
            1.0,
            0.0,
            0.0,
            0.0,
            0.0
        ],
        [
            0.0,
            -0.0602,
            0.0,
            0.0,
            0.0916,
            -0.504
        ],
        [
            0.0,
            0.0,
            0.0,
            1.0,
            0.0,
            0.0
        ],
        [
            0.0,
            -3.32e-06,
            0.0,
            -0.2,
            2.188e-07,
            7.61e-08
        ],
        [
            0.0,
            0.0,
            0.0,
            0.0,
            0.0,
            1.0
        ],
        [
            0.0,
            5.62,
            0.0,
            5.71e-08,
            -0.3712,
            -0.129
        ]
    ],
    "B": [
        [
            0.0,
            0.0,
            0.0
        ],
        [
            -0.4072,
            -0.4072,
            -0.3768
        ],
        [
            0.0,
            0.0,
            0.0
        ],
        [
            -1.32,
            1.328,
            -0.004056
        ],
        [
            0.0,
            0.0,
            0.0
        ],
        [
            -0.0816,
            -0.0864,
            0.7072
        ]
    ],
    "p_vec": [
        [
            0
        ],
        [
            0
        ],
        [
            0
        ]
    ],
    "d_vec": [
        [
            0
        ],
        [
            0
        ],
        [
            0
        ]
    ],
    "wing_p": 10,
    "wing_d": 0,
    "Angle limit": 20,
    "x_i": 0,
    "y_i": 0,
    "z_i": -27.84,
    "phi_i": 0,
    "theta_i": 6,
    "psi_i": -20
}