{
    "u_val": 2,
    "ticks": 4200,
    "Q": [
        [
            250.0,
            0.0,
            0.0,
            0.0,
            0.0,
            0.0
        ],
        [
            0.0,
            40.0,
            0.0,
            0.0,
            0.0,
            0.0
        ],
        [
            0.0,
            0.0,
            100.0,
            0.0,
            0.0,
            0.0
        ],
        [
            0.0,
            0.0,
            0.0,
            1.0,
            0.0,
            0.0
        ],
        [
            0.0,
            0.0,
            0.0,
            0.0,
            50.0,
            0.0
        ],
        [
            0.0,
            0.0,
            0.0,
            0.0,
            0.0,
            5.0
        ]
    ],
    "LQR_R": [
        [
            0.55,
            0.0,
            0.0
        ],
        [
            0.0,
            0.55,
            0.0
        ],
        [
            0.0,
            0.0,
            3.0
        ]
    ],
    "K": [
        [
            5.462260003976253,
            5.988288205310519,
            -9.522587193926592,
            -3.699017720930999,
            -10.707248376710607,
            -5.704915439386302
        ],
        [
            5.548740347744581,
            6.376241210784249,
            9.54652780429143,
            3.6998256366760045,
            -10.828994892296114,
            -5.690919129643806
        ],
        [
            -8.498163682256127,
            -9.542205383850762,
            0.020631761726853447,
            0.014550885153745152,
            16.62152256400248,
            8.795386582365246
        ]
    ],
    "A": [
        [
            0.0,
            1.0,
            0.0,
            0.0,
            0.0,
            0.0
        ],
        [
            0.0,
            0.0,
            0.0,
            0.0,
            -0.588,
            0.0
        ],
        [
            0.0,
            0.0,
            0.0,
            1.0,
            0.0,
            0.0
        ],
        [
            0.0,
            -0.0558,
            0.0,
            -0.291,
            0.002128,
            0.000739
        ],
        [
            0.0,
            0.0,
            0.0,
            0.0,
            0.0,
            1.0
        ],
        [
            0.0,
            9.74,
            0.0,
            0.000554,
            -0.7712,
            -0.129
        ]
    ],
    "B": [
        [
            0.0,
            0.0,
            0.0
        ],
        [
            0.0,
            0.0,
            0.0
        ],
        [
            0.0,
            0.0,
            0.0
        ],
        [
            -0.66,
            0.664,
            -0.002028
        ],
        [
            0.0,
            0.0,
            0.0
        ],
        [
            -0.0408,
            -0.0432,
            0.3536
        ]
    ],
    "p_vec": [
        [
            0
        ],
        [
            0
        ],
        [
            0
        ]
    ],
    "d_vec": [
        [
            0
        ],
        [
            0
        ],
        [
            0
        ]
    ],
    "wing_p": 10,
    "wing_d": 0,
    "Angle limit": 20,
    "x_i": 0,
    "y_i": 0,
    "z_i": -27.84,
    "phi_i": 0,
    "theta_i": 1,
    "psi_i": -20
}