{
    "u_val": 3,
    "ticks": 10200,
    "Q": [
        [
            250.0,
            0.0,
            0.0,
            0.0,
            0.0,
            0.0
        ],
        [
            0.0,
            50.0,
            0.0,
            0.0,
            0.0,
            0.0
        ],
        [
            0.0,
            0.0,
            1.0,
            0.0,
            0.0,
            0.0
        ],
        [
            0.0,
            0.0,
            0.0,
            1.0,
            0.0,
            0.0
        ],
        [
            0.0,
            0.0,
            0.0,
            0.0,
            60.0,
            0.0
        ],
        [
            0.0,
            0.0,
            0.0,
            0.0,
            0.0,
            30.0
        ]
    ],
    "LQR_R": [
        [
            0.7,
            0.0,
            0.0
        ],
        [
            0.0,
            0.7,
            0.0
        ],
        [
            0.0,
            0.0,
            3.2
        ]
    ],
    "K": [
        [
            -6.99626602526172,
            -10.186738899764983,
            -0.847361132800627,
            -1.0874405876408575,
            -7.598466559929113,
            -4.338401622942879
        ],
        [
            -7.011661696240216,
            -10.19065581118144,
            0.8429408612877841,
            1.080900761969947,
            -7.62844866399053,
            -4.36165244248475
        ],
        [
            -7.527495503420994,
            -0.7919712603452135,
            0.0005215641058600192,
            0.001395678350141526,
            1.025074828383846,
            1.8528473944256638
        ]
    ],
    "A": [
        [
            0.0,
            1.0,
            0.0,
            0.0,
            0.0,
            0.0
        ],
        [
            0.0,
            -0.37,
            0.0,
            0.0,
            2.061,
            -0.756
        ],
        [
            0.0,
            0.0,
            0.0,
            1.0,
            0.0,
            0.0
        ],
        [
            0.0,
            -0.048299999999999996,
            0.0,
            -0.146,
            0.004788000000000001,
            0.0012
        ],
        [
            0.0,
            0.0,
            0.0,
            0.0,
            0.0,
            1.0
        ],
        [
            0.0,
            8.43,
            0.0,
            0.000277,
            -0.8351999999999999,
            -0.21
        ]
    ],
    "B": [
        [
            0.0,
            0.0,
            0.0
        ],
        [
            -0.4581,
            -0.4581,
            -0.42390000000000005
        ],
        [
            0.0,
            0.0,
            0.0
        ],
        [
            -1.485,
            1.494,
            -0.004562999999999999
        ],
        [
            0.0,
            0.0,
            0.0
        ],
        [
            -0.0918,
            -0.09720000000000001,
            0.7956000000000001
        ]
    ],
    "p_vec": [
        [
            0
        ],
        [
            0
        ],
        [
            0
        ]
    ],
    "d_vec": [
        [
            0
        ],
        [
            0
        ],
        [
            0
        ]
    ],
    "wing_p": 10,
    "wing_d": 0,
    "Angle limit": 20,
    "x_i": 0.1,
    "y_i": -0.1,
    "z_i": -28.34,
    "phi_i": 0,
    "theta_i": 0,
    "psi_i": 0
}