{
    "u_val": 3,
    "ticks": 4200,
    "Q": [
        [
            350.0,
            0.0,
            0.0,
            0.0,
            0.0,
            0.0
        ],
        [
            0.0,
            40.0,
            0.0,
            0.0,
            0.0,
            0.0
        ],
        [
            0.0,
            0.0,
            10.0,
            0.0,
            0.0,
            0.0
        ],
        [
            0.0,
            0.0,
            0.0,
            1.0,
            0.0,
            0.0
        ],
        [
            0.0,
            0.0,
            0.0,
            0.0,
            10.0,
            0.0
        ],
        [
            0.0,
            0.0,
            0.0,
            0.0,
            0.0,
            5.0
        ]
    ],
    "LQR_R": [
        [
            0.25,
            0.0,
            0.0
        ],
        [
            0.0,
            0.25,
            0.0
        ],
        [
            0.0,
            0.0,
            1.0
        ]
    ],
    "K": [
        [
            -12.395328865329496,
            -16.169196087268126,
            -4.474560351397029,
            -3.294456199515759,
            -4.918775931765154,
            -2.8126843984231167
        ],
        [
            -12.39677821224573,
            -16.186600480928632,
            4.469709948987906,
            3.28781034982011,
            -4.925090422524449,
            -2.812070598347507
        ],
        [
            -16.527822847222815,
            -2.556621900452323,
            0.0008114222477313337,
            0.0020982473045372653,
            0.6251611194055566,
            1.4662293512133207
        ]
    ],
    "A": [
        [
            0.0,
            1.0,
            0.0,
            0.0,
            0.0,
            0.0
        ],
        [
            0.0,
            -0.0222,
            0.0,
            0.0,
            0.6829999999999998,
            -0.489
        ],
        [
            0.0,
            0.0,
            0.0,
            1.0,
            0.0,
            0.0
        ],
        [
            0.0,
            -0.0345,
            0.0,
            -0.103,
            0.001701,
            0.000304
        ],
        [
            0.0,
            0.0,
            0.0,
            0.0,
            0.0,
            1.0
        ],
        [
            0.0,
            16.89,
            0.0,
            0.000228,
            -0.837,
            -0.149
        ]
    ],
    "B": [
        [
            0.0,
            0.0,
            0.0
        ],
        [
            -0.261,
            -0.261,
            -0.3114
        ],
        [
            0.0,
            0.0,
            0.0
        ],
        [
            -0.46799999999999997,
            0.46799999999999997,
            -0.002133
        ],
        [
            0.0,
            0.0,
            0.0
        ],
        [
            -0.0954,
            -0.09809999999999999,
            1.044
        ]
    ],
    "p_vec": [
        [
            0
        ],
        [
            0
        ],
        [
            0
        ]
    ],
    "d_vec": [
        [
            0
        ],
        [
            0
        ],
        [
            0
        ]
    ],
    "wing_p": 10,
    "wing_d": 0,
    "Angle limit": 20,
    "x_i": 0,
    "y_i": 0,
    "z_i": -27.84,
    "phi_i": 0,
    "theta_i": 0,
    "psi_i": -20
}