{
    "u_val": 4,
    "ticks": 7700,
    "Q": [
        [
            150.0,
            0.0,
            0.0,
            0.0,
            0.0,
            0.0
        ],
        [
            0.0,
            50.0,
            0.0,
            0.0,
            0.0,
            0.0
        ],
        [
            0.0,
            0.0,
            1.0,
            0.0,
            0.0,
            0.0
        ],
        [
            0.0,
            0.0,
            0.0,
            1.0,
            0.0,
            0.0
        ],
        [
            0.0,
            0.0,
            0.0,
            0.0,
            45.0,
            0.0
        ],
        [
            0.0,
            0.0,
            0.0,
            0.0,
            0.0,
            300.0
        ]
    ],
    "LQR_R": [
        [
            1.7999999999999998,
            0.0,
            0.0
        ],
        [
            0.0,
            1.7999999999999998,
            0.0
        ],
        [
            0.0,
            0.0,
            12.0
        ]
    ],
    "K": [
        [
            -4.1611985280732435,
            -9.401492505860109,
            -0.5299466487361532,
            -0.6672254851495024,
            -5.130167820140207,
            -7.613580140117282
        ],
        [
            -4.195739818403866,
            -9.433745959245446,
            0.5241291210248407,
            0.659758787206699,
            -5.168136341605942,
            -7.714287655905982
        ],
        [
            -2.694815230759469,
            0.19574911598682743,
            0.00033975195439759953,
            0.0006866154688224856,
            0.22877997244744477,
            2.392829808806142
        ]
    ],
    "A": [
        [
            0.0,
            1.0,
            0.0,
            0.0,
            0.0,
            0.0
        ],
        [
            0.0,
            -0.37,
            0.0,
            0.0,
            3.664,
            -1.008
        ],
        [
            0.0,
            0.0,
            0.0,
            1.0,
            0.0,
            0.0
        ],
        [
            0.0,
            -0.0644,
            0.0,
            -0.146,
            0.008512,
            0.0012
        ],
        [
            0.0,
            0.0,
            0.0,
            0.0,
            0.0,
            1.0
        ],
        [
            0.0,
            11.24,
            0.0,
            0.000277,
            -1.4848,
            -0.21
        ]
    ],
    "B": [
        [
            0.0,
            0.0,
            0.0
        ],
        [
            -0.8144,
            -0.8144,
            -0.7536
        ],
        [
            0.0,
            0.0,
            0.0
        ],
        [
            -2.64,
            2.656,
            -0.008112
        ],
        [
            0.0,
            0.0,
            0.0
        ],
        [
            -0.1632,
            -0.1728,
            1.4144
        ]
    ],
    "p_vec": [
        [
            0
        ],
        [
            0
        ],
        [
            0
        ]
    ],
    "d_vec": [
        [
            0
        ],
        [
            0
        ],
        [
            0
        ]
    ],
    "wing_p": 10,
    "wing_d": 0,
    "Angle limit": 20,
    "x_i": 0.1,
    "y_i": -0.1,
    "z_i": -28.34,
    "phi_i": 0,
    "theta_i": 0,
    "psi_i": 0
}