{
    "u_val": 2,
    "Distance": 100,
    "Q": [
        [
            250.0,
            0.0,
            0.0,
            0.0,
            0.0,
            0.0
        ],
        [
            0.0,
            50.0,
            0.0,
            0.0,
            0.0,
            0.0
        ],
        [
            0.0,
            0.0,
            5.0,
            0.0,
            0.0,
            0.0
        ],
        [
            0.0,
            0.0,
            0.0,
            1.0,
            0.0,
            0.0
        ],
        [
            0.0,
            0.0,
            0.0,
            0.0,
            60.0,
            0.0
        ],
        [
            0.0,
            0.0,
            0.0,
            0.0,
            0.0,
            30.0
        ]
    ],
    "LQR_R": [
        [
            0.7,
            0.0,
            0.0
        ],
        [
            0.0,
            0.7,
            0.0
        ],
        [
            0.0,
            0.0,
            3.2
        ]
    ],
    "K": [
        [
            -6.175912760604587,
            -13.233653090618997,
            -1.8928913409556143,
            -1.6871177531888706,
            -7.853416339086172,
            -5.059396872742801
        ],
        [
            -6.190317058474741,
            -13.226435029881019,
            1.8867482878157302,
            1.6771687482715645,
            -7.8669299418476175,
            -5.066684505160887
        ],
        [
            -7.835748476578974,
            -1.1748944718918175,
            0.00030043289637935594,
            0.0019164521736839205,
            0.7376700082896128,
            2.037932072029519
        ]
    ],
    "A": [
        [
            0.0,
            1.0,
            0.0,
            0.0,
            0.0,
            0.0
        ],
        [
            0.0,
            -0.0344,
            0.0,
            0.0,
            0.916,
            -0.504
        ],
        [
            0.0,
            0.0,
            0.0,
            1.0,
            0.0,
            0.0
        ],
        [
            0.0,
            -0.0322,
            0.0,
            -0.291,
            0.002128,
            0.000739
        ],
        [
            0.0,
            0.0,
            0.0,
            0.0,
            0.0,
            1.0
        ],
        [
            0.0,
            5.62,
            0.0,
            0.000554,
            -0.3712,
            -0.129
        ]
    ],
    "B": [
        [
            0.0,
            0.0,
            0.0
        ],
        [
            -0.2036,
            -0.2036,
            -0.1884
        ],
        [
            0.0,
            0.0,
            0.0
        ],
        [
            -0.66,
            0.664,
            -0.002028
        ],
        [
            0.0,
            0.0,
            0.0
        ],
        [
            -0.0408,
            -0.0432,
            0.3536
        ]
    ],
    "p_vec": [
        [
            0
        ],
        [
            0
        ],
        [
            0
        ]
    ],
    "d_vec": [
        [
            0
        ],
        [
            0
        ],
        [
            0
        ]
    ],
    "wing_p": 10,
    "wing_d": 0,
    "Angle limit": 20,
    "x_i": -10,
    "y_i": -0.1,
    "z_i": -28.34,
    "phi_i": 0,
    "theta_i": 0,
    "psi_i": 0
}