{
    "u_val": 5,
    "Distance": 100,
    "Q": [
        [
            360.0,
            0.0,
            0.0,
            0.0,
            0.0,
            0.0
        ],
        [
            0.0,
            100.0,
            0.0,
            0.0,
            0.0,
            0.0
        ],
        [
            0.0,
            0.0,
            1.0,
            0.0,
            0.0,
            0.0
        ],
        [
            0.0,
            0.0,
            0.0,
            1.0,
            0.0,
            0.0
        ],
        [
            0.0,
            0.0,
            0.0,
            0.0,
            85.0,
            0.0
        ],
        [
            0.0,
            0.0,
            0.0,
            0.0,
            0.0,
            145.0
        ]
    ],
    "LQR_R": [
        [
            6.210000000000001,
            0.0,
            0.0
        ],
        [
            0.0,
            6.210000000000001,
            0.0
        ],
        [
            0.0,
            0.0,
            37.26
        ]
    ],
    "K": [
        [
            -3.266658834514518,
            -5.97597002285685,
            -0.2849091345073324,
            -0.35408499607328264,
            -4.7005952801846815,
            -2.9887353726900683
        ],
        [
            -3.289106464701241,
            -5.988863145519154,
            0.2825904091613597,
            0.3510356654502224,
            -4.720089744474426,
            -3.0161625032022767
        ],
        [
            -2.4658241764672666,
            -0.21103693179923202,
            8.320406951009398e-05,
            0.0002887826124542276,
            -0.044214164583469176,
            0.7634196398920091
        ]
    ],
    "A": [
        [
            0.0,
            1.0,
            0.0,
            0.0,
            0.0,
            0.0
        ],
        [
            0.0,
            -0.0344,
            0.0,
            0.0,
            5.7250000000000005,
            -1.26
        ],
        [
            0.0,
            0.0,
            0.0,
            1.0,
            0.0,
            0.0
        ],
        [
            0.0,
            -0.0805,
            0.0,
            -0.291,
            0.013300000000000001,
            0.000739
        ],
        [
            0.0,
            0.0,
            0.0,
            0.0,
            0.0,
            1.0
        ],
        [
            0.0,
            14.05,
            0.0,
            0.000554,
            -2.32,
            -0.129
        ]
    ],
    "B": [
        [
            0.0,
            0.0,
            0.0
        ],
        [
            -1.2725,
            -1.2725,
            -1.1775
        ],
        [
            0.0,
            0.0,
            0.0
        ],
        [
            -4.125,
            4.15,
            -0.012674999999999999
        ],
        [
            0.0,
            0.0,
            0.0
        ],
        [
            -0.255,
            -0.27,
            2.21
        ]
    ],
    "p_vec": [
        [
            0
        ],
        [
            0
        ],
        [
            0
        ]
    ],
    "d_vec": [
        [
            0
        ],
        [
            0
        ],
        [
            0
        ]
    ],
    "wing_p": 10,
    "wing_d": 0,
    "Angle limit": 20,
    "x_i": -10,
    "y_i": -0.1,
    "z_i": -28.34,
    "phi_i": 0,
    "theta_i": 0,
    "psi_i": 0
}