{
    "u_val": 1,
    "ticks": 8200,
    "Q": [
        [
            23.0,
            0.0,
            0.0,
            0.0,
            0.0,
            0.0
        ],
        [
            0.0,
            3.0,
            0.0,
            0.0,
            0.0,
            0.0
        ],
        [
            0.0,
            0.0,
            1.0,
            0.0,
            0.0,
            0.0
        ],
        [
            0.0,
            0.0,
            0.0,
            0.1,
            0.0,
            0.0
        ],
        [
            0.0,
            0.0,
            0.0,
            0.0,
            8.0,
            0.0
        ],
        [
            0.0,
            0.0,
            0.0,
            0.0,
            0.0,
            0.3
        ]
    ],
    "LQR_R": [
        [
            0.25,
            0.0,
            0.0
        ],
        [
            0.0,
            0.25,
            0.0
        ],
        [
            0.0,
            0.0,
            1.0
        ]
    ],
    "K": [
        [
            -2.4671801584543056,
            -36.04291639423806,
            -1.4167814258229388,
            -4.3463034563995775,
            0.06057562802764549,
            -8.06413394702552
        ],
        [
            -2.4726900381038517,
            -36.08531636638196,
            1.4116409210556298,
            4.3270052336727485,
            0.025607217889123568,
            -8.081693702699052
        ],
        [
            -4.466509432464882,
            -3.773337520165091,
            0.000274519726032586,
            0.0021644822957095095,
            4.583510802724737,
            2.938242847094331
        ]
    ],
    "A": [
        [
            0.0,
            1.0,
            0.0,
            0.0,
            0.0,
            0.0
        ],
        [
            0.0,
            -0.0222,
            0.0,
            0.0,
            -0.7250000000000001,
            -0.163
        ],
        [
            0.0,
            0.0,
            0.0,
            1.0,
            0.0,
            0.0
        ],
        [
            0.0,
            -0.0115,
            0.0,
            -0.103,
            0.000189,
            0.000304
        ],
        [
            0.0,
            0.0,
            0.0,
            0.0,
            0.0,
            1.0
        ],
        [
            0.0,
            5.63,
            0.0,
            0.000228,
            -0.093,
            -0.149
        ]
    ],
    "B": [
        [
            0.0,
            0.0,
            0.0
        ],
        [
            -0.029,
            -0.029,
            -0.0346
        ],
        [
            0.0,
            0.0,
            0.0
        ],
        [
            -0.052,
            0.052,
            -0.000237
        ],
        [
            0.0,
            0.0,
            0.0
        ],
        [
            -0.0106,
            -0.0109,
            0.116
        ]
    ],
    "p_vec": [
        [
            0
        ],
        [
            0
        ],
        [
            0
        ]
    ],
    "d_vec": [
        [
            0
        ],
        [
            0
        ],
        [
            0
        ]
    ],
    "wing_p": 10,
    "wing_d": 0,
    "Angle limit": 20,
    "x_i": 0,
    "y_i": 0,
    "z_i": -27.84,
    "phi_i": 0,
    "theta_i": 0,
    "psi_i": -20
}