{
    "u_val": 2,
    "Q": [
        [
            350.0,
            0.0,
            0.0,
            0.0,
            0.0,
            0.0
        ],
        [
            0.0,
            40.0,
            0.0,
            0.0,
            0.0,
            0.0
        ],
        [
            0.0,
            0.0,
            10.0,
            0.0,
            0.0,
            0.0
        ],
        [
            0.0,
            0.0,
            0.0,
            1.0,
            0.0,
            0.0
        ],
        [
            0.0,
            0.0,
            0.0,
            0.0,
            10.0,
            0.0
        ],
        [
            0.0,
            0.0,
            0.0,
            0.0,
            0.0,
            5.0
        ]
    ],
    "LQR_R": [
        [
            0.25,
            0.0,
            0.0
        ],
        [
            0.0,
            0.25,
            0.0
        ],
        [
            0.0,
            0.0,
            1.0
        ]
    ],
    "K": [
        [
            -12.043783591146386,
            -19.90984490577202,
            -4.4733920100054405,
            -4.610587608230672,
            -2.989684422236304,
            -2.9993161337792973
        ],
        [
            -12.039717228499638,
            -19.928330194660585,
            4.470879310680627,
            4.602372220279531,
            -2.992029959836217,
            -2.993327576128922
        ],
        [
            -16.658274864668766,
            -3.597074851166531,
            0.0007270054059967068,
            0.0030323794127337217,
            0.9328144623434226,
            1.7588980267218188
        ]
    ],
    "A": [
        [
            0.0,
            1.0,
            0.0,
            0.0,
            0.0,
            0.0
        ],
        [
            0.0,
            -0.0222,
            0.0,
            0.0,
            -0.19700000000000006,
            -0.326
        ],
        [
            0.0,
            0.0,
            0.0,
            1.0,
            0.0,
            0.0
        ],
        [
            0.0,
            -0.023,
            0.0,
            -0.103,
            0.000756,
            0.000304
        ],
        [
            0.0,
            0.0,
            0.0,
            0.0,
            0.0,
            1.0
        ],
        [
            0.0,
            11.26,
            0.0,
            0.000228,
            -0.372,
            -0.149
        ]
    ],
    "B": [
        [
            0.0,
            0.0,
            0.0
        ],
        [
            -0.116,
            -0.116,
            -0.1384
        ],
        [
            0.0,
            0.0,
            0.0
        ],
        [
            -0.208,
            0.208,
            -0.000948
        ],
        [
            0.0,
            0.0,
            0.0
        ],
        [
            -0.0424,
            -0.0436,
            0.464
        ]
    ],
    "p_h": 0,
    "d_h": 0,
    "p_r": 0,
    "d_r": 0,
    "p_p": 0,
    "d_p": 0,
    "wing_p": 10,
    "wing_d": 0
}