{
    "u_val": 2,
    "ticks": 4200,
    "Q": [
        [
            23.0,
            0.0,
            0.0,
            0.0,
            0.0,
            0.0
        ],
        [
            0.0,
            3.0,
            0.0,
            0.0,
            0.0,
            0.0
        ],
        [
            0.0,
            0.0,
            1.0,
            0.0,
            0.0,
            0.0
        ],
        [
            0.0,
            0.0,
            0.0,
            0.1,
            0.0,
            0.0
        ],
        [
            0.0,
            0.0,
            0.0,
            0.0,
            8.0,
            0.0
        ],
        [
            0.0,
            0.0,
            0.0,
            0.0,
            0.0,
            0.3
        ]
    ],
    "LQR_R": [
        [
            0.25,
            0.0,
            0.0
        ],
        [
            0.0,
            0.25,
            0.0
        ],
        [
            0.0,
            0.0,
            1.0
        ]
    ],
    "K": [
        [
            -1.8494037090899353,
            -12.882988411774003,
            -1.4150983204766694,
            -2.412190174903347,
            -2.8958747203628143,
            -1.8325889366935062
        ],
        [
            -1.850238029943064,
            -12.894246704451271,
            1.413328232177837,
            2.406915086938923,
            -2.900271177239953,
            -1.8277758819026781
        ],
        [
            -4.614009242333534,
            -2.1917186516129967,
            0.00011348257767201161,
            0.0009145002217650637,
            0.24034622346134538,
            0.47892396411779853
        ]
    ],
    "A": [
        [
            0.0,
            1.0,
            0.0,
            0.0,
            0.0,
            0.0
        ],
        [
            0.0,
            -0.0222,
            0.0,
            0.0,
            -0.19700000000000006,
            -0.326
        ],
        [
            0.0,
            0.0,
            0.0,
            1.0,
            0.0,
            0.0
        ],
        [
            0.0,
            -0.023,
            0.0,
            -0.103,
            0.000756,
            0.000304
        ],
        [
            0.0,
            0.0,
            0.0,
            0.0,
            0.0,
            1.0
        ],
        [
            0.0,
            11.26,
            0.0,
            0.000228,
            -0.372,
            -0.149
        ]
    ],
    "B": [
        [
            0.0,
            0.0,
            0.0
        ],
        [
            -0.116,
            -0.116,
            -0.1384
        ],
        [
            0.0,
            0.0,
            0.0
        ],
        [
            -0.208,
            0.208,
            -0.000948
        ],
        [
            0.0,
            0.0,
            0.0
        ],
        [
            -0.0424,
            -0.0436,
            0.464
        ]
    ],
    "p_vec": [
        [
            0
        ],
        [
            0
        ],
        [
            0
        ]
    ],
    "d_vec": [
        [
            0
        ],
        [
            0
        ],
        [
            0
        ]
    ],
    "wing_p": 10,
    "wing_d": 0,
    "Angle limit": 20,
    "x_i": 0,
    "y_i": 0,
    "z_i": -27.84,
    "phi_i": 0,
    "theta_i": 0,
    "psi_i": -20
}