{
    "u_val": 2,
    "ticks": 4200,
    "Q": [
        [
            250.0,
            0.0,
            0.0,
            0.0,
            0.0,
            0.0
        ],
        [
            0.0,
            40.0,
            0.0,
            0.0,
            0.0,
            0.0
        ],
        [
            0.0,
            0.0,
            10.0,
            0.0,
            0.0,
            0.0
        ],
        [
            0.0,
            0.0,
            0.0,
            1.0,
            0.0,
            0.0
        ],
        [
            0.0,
            0.0,
            0.0,
            0.0,
            150.0,
            0.0
        ],
        [
            0.0,
            0.0,
            0.0,
            0.0,
            0.0,
            5.0
        ]
    ],
    "LQR_R": [
        [
            0.5,
            0.0,
            0.0
        ],
        [
            0.0,
            0.5,
            0.0
        ],
        [
            0.0,
            0.0,
            5.0
        ]
    ],
    "K": [
        [
            -7.159178055369258,
            -13.03607874352675,
            -3.1675756924495593,
            -1.5480292519912786,
            -11.060180991753986,
            -4.7527286194493525
        ],
        [
            -7.145454974750828,
            -13.032227324548618,
            3.156965069905951,
            1.539737635513779,
            -11.112747576932664,
            -4.765623563260905
        ],
        [
            -6.306255963528027,
            -0.6627387934542642,
            0.0018915601098626411,
            0.0016162859226083591,
            1.4799679963805248,
            1.3727865137683324
        ]
    ],
    "A": [
        [
            0.0,
            1.0,
            0.0,
            0.0,
            0.0,
            0.0
        ],
        [
            0.0,
            -0.172,
            0.0,
            0.0,
            0.1832,
            -0.504
        ],
        [
            0.0,
            0.0,
            0.0,
            1.0,
            0.0,
            0.0
        ],
        [
            0.0,
            -0.0322,
            0.0,
            -1.4549999999999998,
            0.002128,
            0.000739
        ],
        [
            0.0,
            0.0,
            0.0,
            0.0,
            0.0,
            1.0
        ],
        [
            0.0,
            5.62,
            0.0,
            0.000554,
            -0.3712,
            -0.645
        ]
    ],
    "B": [
        [
            0.0,
            0.0,
            0.0
        ],
        [
            -0.2036,
            -0.2036,
            -0.1884
        ],
        [
            0.0,
            0.0,
            0.0
        ],
        [
            -0.66,
            0.664,
            -0.002028
        ],
        [
            0.0,
            0.0,
            0.0
        ],
        [
            -0.0408,
            -0.0432,
            0.3536
        ]
    ],
    "p_vec": [
        [
            0
        ],
        [
            0
        ],
        [
            0
        ]
    ],
    "d_vec": [
        [
            0
        ],
        [
            0
        ],
        [
            0
        ]
    ],
    "wing_p": 10,
    "wing_d": 0,
    "Angle limit": 20,
    "x_i": 0,
    "y_i": -5,
    "z_i": -14.84,
    "phi_i": 0,
    "theta_i": 0,
    "psi_i": -20
}