{
    "u_val": 2,
    "Q": [
        [
            350.0,
            0.0,
            0.0,
            0.0,
            0.0,
            0.0
        ],
        [
            0.0,
            40.0,
            0.0,
            0.0,
            0.0,
            0.0
        ],
        [
            0.0,
            0.0,
            10.0,
            0.0,
            0.0,
            0.0
        ],
        [
            0.0,
            0.0,
            0.0,
            1.0,
            0.0,
            0.0
        ],
        [
            0.0,
            0.0,
            0.0,
            0.0,
            10.0,
            0.0
        ],
        [
            0.0,
            0.0,
            0.0,
            0.0,
            0.0,
            5.0
        ]
    ],
    "LQR_R": [
        [
            0.25,
            0.0,
            0.0
        ],
        [
            0.0,
            0.25,
            0.0
        ],
        [
            0.0,
            0.0,
            1.0
        ]
    ],
    "K": [
        [
            -12.043783591146315,
            -19.909844905772,
            -4.473392010005441,
            -4.610587608230667,
            -2.989684422236304,
            -2.9993161337793026
        ],
        [
            -12.039717228499654,
            -19.928330194660575,
            4.4708793106806155,
            4.602372220279527,
            -2.9920299598362146,
            -2.9933275761289213
        ],
        [
            -16.658274864668698,
            -3.597074851166525,
            0.0007270054059974442,
            0.0030323794127357293,
            0.9328144623434256,
            1.7588980267218166
        ]
    ],
    "A": [
        [
            0.0,
            1.0,
            0.0,
            0.0,
            0.0,
            0.0
        ],
        [
            0.0,
            -0.0222,
            0.0,
            0.0,
            -0.19700000000000006,
            -0.326
        ],
        [
            0.0,
            0.0,
            0.0,
            1.0,
            0.0,
            0.0
        ],
        [
            0.0,
            -0.023,
            0.0,
            -0.103,
            0.000756,
            0.000304
        ],
        [
            0.0,
            0.0,
            0.0,
            0.0,
            0.0,
            1.0
        ],
        [
            0.0,
            11.26,
            0.0,
            0.000228,
            -0.372,
            -0.149
        ]
    ],
    "B": [
        [
            0.0,
            0.0,
            0.0
        ],
        [
            -0.116,
            -0.116,
            -0.1384
        ],
        [
            0.0,
            0.0,
            0.0
        ],
        [
            -0.208,
            0.208,
            -0.000948
        ],
        [
            0.0,
            0.0,
            0.0
        ],
        [
            -0.0424,
            -0.0436,
            0.464
        ]
    ],
    "p_h": 0,
    "d_h": 0,
    "p_r": 0,
    "d_r": 0,
    "p_p": 0,
    "d_p": 0,
    "wing_p": 1,
    "wing_d": 0
}