{
    "u_val": 2,
    "ticks": 1800,
    "Q": [
        [
            290.0,
            0.0,
            0.0,
            0.0,
            0.0,
            0.0
        ],
        [
            0.0,
            50.0,
            0.0,
            0.0,
            0.0,
            0.0
        ],
        [
            0.0,
            0.0,
            1.0,
            0.0,
            0.0,
            0.0
        ],
        [
            0.0,
            0.0,
            0.0,
            1.0,
            0.0,
            0.0
        ],
        [
            0.0,
            0.0,
            0.0,
            0.0,
            45.0,
            0.0
        ],
        [
            0.0,
            0.0,
            0.0,
            0.0,
            0.0,
            300.0
        ]
    ],
    "LQR_R": [
        [
            6.8999999999999995,
            0.0,
            0.0
        ],
        [
            0.0,
            6.8999999999999995,
            0.0
        ],
        [
            0.0,
            0.0,
            41.4
        ]
    ],
    "K": [
        [
            -2.7772644400187882,
            -9.557648815509621,
            -0.2699523347073077,
            -0.5926339447804102,
            -4.325269571961959,
            -3.921146124115288
        ],
        [
            -2.7940153930700875,
            -9.575065550110109,
            0.26842740292826706,
            0.58862190554057,
            -4.331784698719865,
            -3.9418868558751203
        ],
        [
            -2.101954079768825,
            -0.47632355962845774,
            -2.0716914739726754e-05,
            0.0004094144622995488,
            -0.2171213916397611,
            0.6736517572571736
        ]
    ],
    "A": [
        [
            0.0,
            1.0,
            0.0,
            0.0,
            0.0,
            0.0
        ],
        [
            0.0,
            -0.37,
            0.0,
            0.0,
            0.916,
            -0.504
        ],
        [
            0.0,
            0.0,
            0.0,
            1.0,
            0.0,
            0.0
        ],
        [
            0.0,
            -0.0322,
            0.0,
            -0.146,
            0.002128,
            0.0012
        ],
        [
            0.0,
            0.0,
            0.0,
            0.0,
            0.0,
            1.0
        ],
        [
            0.0,
            5.62,
            0.0,
            0.000277,
            -0.3712,
            -0.21
        ]
    ],
    "B": [
        [
            0.0,
            0.0,
            0.0
        ],
        [
            -0.2036,
            -0.2036,
            -0.1884
        ],
        [
            0.0,
            0.0,
            0.0
        ],
        [
            -0.66,
            0.664,
            -0.002028
        ],
        [
            0.0,
            0.0,
            0.0
        ],
        [
            -0.0408,
            -0.0432,
            0.3536
        ]
    ],
    "p_vec": [
        [
            0
        ],
        [
            0
        ],
        [
            0
        ]
    ],
    "d_vec": [
        [
            0
        ],
        [
            0
        ],
        [
            0
        ]
    ],
    "wing_p": 10,
    "wing_d": 0,
    "Angle limit": 20,
    "x_i": 0.1,
    "y_i": -0.1,
    "z_i": -28.34,
    "phi_i": 0,
    "theta_i": 0,
    "psi_i": 0
}