{
    "u_val": 5,
    "ticks": 1600,
    "Q": [
        [
            290.0,
            0.0,
            0.0,
            0.0,
            0.0,
            0.0
        ],
        [
            0.0,
            50.0,
            0.0,
            0.0,
            0.0,
            0.0
        ],
        [
            0.0,
            0.0,
            1.0,
            0.0,
            0.0,
            0.0
        ],
        [
            0.0,
            0.0,
            0.0,
            1.0,
            0.0,
            0.0
        ],
        [
            0.0,
            0.0,
            0.0,
            0.0,
            45.0,
            0.0
        ],
        [
            0.0,
            0.0,
            0.0,
            0.0,
            0.0,
            300.0
        ]
    ],
    "LQR_R": [
        [
            6.8999999999999995,
            0.0,
            0.0
        ],
        [
            0.0,
            6.8999999999999995,
            0.0
        ],
        [
            0.0,
            0.0,
            41.4
        ]
    ],
    "K": [
        [
            -2.9986706978688313,
            -6.129415022002977,
            -0.27046679074954455,
            -0.3553079661662172,
            -4.180570708109076,
            -3.985727823619372
        ],
        [
            -3.0242489255199008,
            -6.149764564763059,
            0.26790898336582264,
            0.3519275134618387,
            -4.198827355592482,
            -4.029116284922784
        ],
        [
            -1.995448069544,
            -2.353661082095929e-05,
            6.82708058183304e-05,
            0.00024355362730278521,
            -0.11901505421631893,
            1.0331506686712568
        ]
    ],
    "A": [
        [
            0.0,
            1.0,
            0.0,
            0.0,
            0.0,
            0.0
        ],
        [
            0.0,
            -0.37,
            0.0,
            0.0,
            5.7250000000000005,
            -1.26
        ],
        [
            0.0,
            0.0,
            0.0,
            1.0,
            0.0,
            0.0
        ],
        [
            0.0,
            -0.0805,
            0.0,
            -0.146,
            0.013300000000000001,
            0.0012
        ],
        [
            0.0,
            0.0,
            0.0,
            0.0,
            0.0,
            1.0
        ],
        [
            0.0,
            14.05,
            0.0,
            0.000277,
            -2.32,
            -0.21
        ]
    ],
    "B": [
        [
            0.0,
            0.0,
            0.0
        ],
        [
            -1.2725,
            -1.2725,
            -1.1775
        ],
        [
            0.0,
            0.0,
            0.0
        ],
        [
            -4.125,
            4.15,
            -0.012674999999999999
        ],
        [
            0.0,
            0.0,
            0.0
        ],
        [
            -0.255,
            -0.27,
            2.21
        ]
    ],
    "p_vec": [
        [
            0
        ],
        [
            0
        ],
        [
            0
        ]
    ],
    "d_vec": [
        [
            0
        ],
        [
            0
        ],
        [
            0
        ]
    ],
    "wing_p": 10,
    "wing_d": 0,
    "Angle limit": 20,
    "x_i": 0.1,
    "y_i": -0.1,
    "z_i": -28.34,
    "phi_i": 0,
    "theta_i": 0,
    "psi_i": 0
}