{
    "u_val": 3,
    "Distance": 10,
    "Q": [
        [
            250.0,
            0.0,
            0.0,
            0.0,
            0.0,
            0.0
        ],
        [
            0.0,
            50.0,
            0.0,
            0.0,
            0.0,
            0.0
        ],
        [
            0.0,
            0.0,
            5.0,
            0.0,
            0.0,
            0.0
        ],
        [
            0.0,
            0.0,
            0.0,
            1.0,
            0.0,
            0.0
        ],
        [
            0.0,
            0.0,
            0.0,
            0.0,
            60.0,
            0.0
        ],
        [
            0.0,
            0.0,
            0.0,
            0.0,
            0.0,
            30.0
        ]
    ],
    "LQR_R": [
        [
            0.7,
            0.0,
            0.0
        ],
        [
            0.0,
            0.7,
            0.0
        ],
        [
            0.0,
            0.0,
            3.2
        ]
    ],
    "K": [
        [
            0.2594204719744991,
            -17.033736140464654,
            -1.8914990144931638,
            -2.1967994802699917,
            -6.531038338882625,
            -4.23082032897041
        ],
        [
            0.2597286653934399,
            -17.057050840645534,
            1.8881442266934005,
            2.187505971691741,
            -6.542652855640648,
            -4.226779405154376
        ],
        [
            -8.83716706281214,
            -5.850571126731793,
            -7.138561252569009e-06,
            0.0006636797890034003,
            -0.09012129916541989,
            1.1475865543692598
        ]
    ],
    "A": [
        [
            0.0,
            1.0,
            0.0,
            0.0,
            0.0,
            0.0
        ],
        [
            0.0,
            -0.0344,
            0.0,
            0.0,
            0.0,
            -0.756
        ],
        [
            0.0,
            0.0,
            0.0,
            1.0,
            0.0,
            0.0
        ],
        [
            0.0,
            -0.048299999999999996,
            0.0,
            -0.291,
            1.89e-05,
            0.000739
        ],
        [
            0.0,
            0.0,
            0.0,
            0.0,
            0.0,
            1.0
        ],
        [
            0.0,
            8.43,
            0.0,
            0.000554,
            -0.003303,
            -0.129
        ]
    ],
    "B": [
        [
            0.0,
            0.0,
            0.0
        ],
        [
            -0.09359999999999999,
            -0.09359999999999999,
            -0.2637
        ],
        [
            0.0,
            0.0,
            0.0
        ],
        [
            -0.30600000000000005,
            0.30600000000000005,
            -0.0028350000000000003
        ],
        [
            0.0,
            0.0,
            0.0
        ],
        [
            -0.01881,
            -0.01998,
            0.495
        ]
    ],
    "p_vec": [
        [
            250
        ],
        [
            10
        ],
        [
            150
        ]
    ],
    "d_vec": [
        [
            27200
        ],
        [
            0
        ],
        [
            1500
        ]
    ],
    "wing_p": 10,
    "wing_d": 0,
    "Angle limit": 20,
    "x_i": 0.1,
    "y_i": -0.1,
    "z_i": -28.34,
    "phi_i": 0,
    "theta_i": 0,
    "psi_i": 0
}