{
    "u_val": 5,
    "Distance": 100,
    "Q": [
        [
            250.0,
            0.0,
            0.0,
            0.0,
            0.0,
            0.0
        ],
        [
            0.0,
            50.0,
            0.0,
            0.0,
            0.0,
            0.0
        ],
        [
            0.0,
            0.0,
            5.0,
            0.0,
            0.0,
            0.0
        ],
        [
            0.0,
            0.0,
            0.0,
            1.0,
            0.0,
            0.0
        ],
        [
            0.0,
            0.0,
            0.0,
            0.0,
            60.0,
            0.0
        ],
        [
            0.0,
            0.0,
            0.0,
            0.0,
            0.0,
            30.0
        ]
    ],
    "LQR_R": [
        [
            0.7,
            0.0,
            0.0
        ],
        [
            0.0,
            0.7,
            0.0
        ],
        [
            0.0,
            0.0,
            3.2
        ]
    ],
    "K": [
        [
            -8.203021936086737,
            -8.400843594505853,
            -1.8947511562013568,
            -1.0508462812244375,
            -7.154107485511147,
            -3.8283993516135757
        ],
        [
            -8.221456081096848,
            -8.398870333041105,
            1.8848781334466966,
            1.044256067113115,
            -7.184907308720511,
            -3.853815725136242
        ],
        [
            -6.972774369733349,
            -0.6491310727837006,
            0.001450720691434645,
            0.001338035207467538,
            1.4481340025840506,
            1.978449135026036
        ]
    ],
    "A": [
        [
            0.0,
            1.0,
            0.0,
            0.0,
            0.0,
            0.0
        ],
        [
            0.0,
            -0.0344,
            0.0,
            0.0,
            5.7250000000000005,
            -1.26
        ],
        [
            0.0,
            0.0,
            0.0,
            1.0,
            0.0,
            0.0
        ],
        [
            0.0,
            -0.0805,
            0.0,
            -0.291,
            0.013300000000000001,
            0.000739
        ],
        [
            0.0,
            0.0,
            0.0,
            0.0,
            0.0,
            1.0
        ],
        [
            0.0,
            14.05,
            0.0,
            0.000554,
            -2.32,
            -0.129
        ]
    ],
    "B": [
        [
            0.0,
            0.0,
            0.0
        ],
        [
            -1.2725,
            -1.2725,
            -1.1775
        ],
        [
            0.0,
            0.0,
            0.0
        ],
        [
            -4.125,
            4.15,
            -0.012674999999999999
        ],
        [
            0.0,
            0.0,
            0.0
        ],
        [
            -0.255,
            -0.27,
            2.21
        ]
    ],
    "p_vec": [
        [
            15
        ],
        [
            1
        ],
        [
            110
        ]
    ],
    "d_vec": [
        [
            20
        ],
        [
            4
        ],
        [
            150
        ]
    ],
    "wing_p": 10,
    "wing_d": 0,
    "Angle limit": 20,
    "x_i": -10,
    "y_i": -0.1,
    "z_i": -28.34,
    "phi_i": 0,
    "theta_i": 0,
    "psi_i": 0
}