{
    "u_val": 1,
    "ticks": 8200,
    "Q": [
        [
            350.0,
            0.0,
            0.0,
            0.0,
            0.0,
            0.0
        ],
        [
            0.0,
            40.0,
            0.0,
            0.0,
            0.0,
            0.0
        ],
        [
            0.0,
            0.0,
            10.0,
            0.0,
            0.0,
            0.0
        ],
        [
            0.0,
            0.0,
            0.0,
            1.0,
            0.0,
            0.0
        ],
        [
            0.0,
            0.0,
            0.0,
            0.0,
            10.0,
            0.0
        ],
        [
            0.0,
            0.0,
            0.0,
            0.0,
            0.0,
            5.0
        ]
    ],
    "LQR_R": [
        [
            0.25,
            0.0,
            0.0
        ],
        [
            0.0,
            0.25,
            0.0
        ],
        [
            0.0,
            0.0,
            1.0
        ]
    ],
    "K": [
        [
            -11.828821979612377,
            -40.17465513468626,
            -4.477574490972532,
            -8.457435803376379,
            0.3737570044899947,
            -7.922372864064712
        ],
        [
            -11.832649307401027,
            -40.204719554126775,
            4.466689551138844,
            8.428037903508868,
            0.35007388433935827,
            -7.920123137869802
        ],
        [
            -16.733703870801413,
            -5.850012235118497,
            0.0016681980775377116,
            0.007387692357947437,
            5.367376641847233,
            4.811616781822042
        ]
    ],
    "A": [
        [
            0.0,
            1.0,
            0.0,
            0.0,
            0.0,
            0.0
        ],
        [
            0.0,
            -0.0222,
            0.0,
            0.0,
            -0.7250000000000001,
            -0.163
        ],
        [
            0.0,
            0.0,
            0.0,
            1.0,
            0.0,
            0.0
        ],
        [
            0.0,
            -0.0115,
            0.0,
            -0.103,
            0.000189,
            0.000304
        ],
        [
            0.0,
            0.0,
            0.0,
            0.0,
            0.0,
            1.0
        ],
        [
            0.0,
            5.63,
            0.0,
            0.000228,
            -0.093,
            -0.149
        ]
    ],
    "B": [
        [
            0.0,
            0.0,
            0.0
        ],
        [
            -0.029,
            -0.029,
            -0.0346
        ],
        [
            0.0,
            0.0,
            0.0
        ],
        [
            -0.052,
            0.052,
            -0.000237
        ],
        [
            0.0,
            0.0,
            0.0
        ],
        [
            -0.0106,
            -0.0109,
            0.116
        ]
    ],
    "p_vec": [
        [
            0
        ],
        [
            0
        ],
        [
            0
        ]
    ],
    "d_vec": [
        [
            0
        ],
        [
            0
        ],
        [
            0
        ]
    ],
    "wing_p": 10,
    "wing_d": 0,
    "Angle limit": 20,
    "x_i": 0,
    "y_i": 0,
    "z_i": -27.84,
    "phi_i": 0,
    "theta_i": 0,
    "psi_i": -20
}