{
    "u_val": 2,
    "ticks": 15200,
    "Q": [
        [
            250.0,
            0.0,
            0.0,
            0.0,
            0.0,
            0.0
        ],
        [
            0.0,
            50.0,
            0.0,
            0.0,
            0.0,
            0.0
        ],
        [
            0.0,
            0.0,
            5.0,
            0.0,
            0.0,
            0.0
        ],
        [
            0.0,
            0.0,
            0.0,
            1.0,
            0.0,
            0.0
        ],
        [
            0.0,
            0.0,
            0.0,
            0.0,
            60.0,
            0.0
        ],
        [
            0.0,
            0.0,
            0.0,
            0.0,
            0.0,
            30.0
        ]
    ],
    "LQR_R": [
        [
            0.7,
            0.0,
            0.0
        ],
        [
            0.0,
            0.7,
            0.0
        ],
        [
            0.0,
            0.0,
            3.2
        ]
    ],
    "K": [
        [
            -6.357188860497554,
            -12.439484649738283,
            -1.8924592505179632,
            -1.786721159888541,
            -7.804203789274527,
            -4.929477376571198
        ],
        [
            -6.369342853806597,
            -12.43177221978604,
            1.8871816870854987,
            1.7775466448789297,
            -7.814740418140532,
            -4.934353158339574
        ],
        [
            -7.772393754939638,
            -1.051895556437819,
            0.00029871635834526956,
            0.0018694280825818721,
            0.800746818709579,
            1.9797130522579294
        ]
    ],
    "A": [
        [
            0.0,
            1.0,
            0.0,
            0.0,
            0.0,
            0.0
        ],
        [
            0.0,
            -0.37,
            0.0,
            0.0,
            0.916,
            -0.504
        ],
        [
            0.0,
            0.0,
            0.0,
            1.0,
            0.0,
            0.0
        ],
        [
            0.0,
            -0.0322,
            0.0,
            -0.146,
            0.002128,
            0.0012
        ],
        [
            0.0,
            0.0,
            0.0,
            0.0,
            0.0,
            1.0
        ],
        [
            0.0,
            5.62,
            0.0,
            0.000277,
            -0.3712,
            -0.21
        ]
    ],
    "B": [
        [
            0.0,
            0.0,
            0.0
        ],
        [
            -0.2036,
            -0.2036,
            -0.1884
        ],
        [
            0.0,
            0.0,
            0.0
        ],
        [
            -0.66,
            0.664,
            -0.002028
        ],
        [
            0.0,
            0.0,
            0.0
        ],
        [
            -0.0408,
            -0.0432,
            0.3536
        ]
    ],
    "p_vec": [
        [
            0
        ],
        [
            0
        ],
        [
            0
        ]
    ],
    "d_vec": [
        [
            0
        ],
        [
            0
        ],
        [
            0
        ]
    ],
    "wing_p": 10,
    "wing_d": 0,
    "Angle limit": 20,
    "x_i": 0.1,
    "y_i": -0.1,
    "z_i": -28.34,
    "phi_i": 0,
    "theta_i": 0,
    "psi_i": 0
}